{
  "exact": 31.56789547363509,
  "f1": 37.48783506185591,
  "total": 4286,
  "HasAns_exact": 63.14312441534144,
  "HasAns_f1": 75.01069273859422,
  "HasAns_total": 2138,
  "NoAns_exact": 0.13966480446927373,
  "NoAns_f1": 0.13966480446927373,
  "NoAns_total": 2148,
  "best_exact": 50.116658889407375,
  "best_exact_thresh": 0.0,
  "best_f1": 50.116658889407375,
  "best_f1_thresh": 0.0
}