{
  "exact": 41.763882407839475,
  "f1": 45.680926031481526,
  "total": 4286,
  "HasAns_exact": 83.72310570626755,
  "HasAns_f1": 91.57551401820852,
  "HasAns_total": 2138,
  "NoAns_exact": 0.0,
  "NoAns_f1": 0.0,
  "NoAns_total": 2148,
  "best_exact": 50.13999066728885,
  "best_exact_thresh": 0.0,
  "best_f1": 50.143766836099104,
  "best_f1_thresh": 0.0
}