{
  "exact": 42.74381707886141,
  "f1": 46.157263009611825,
  "total": 4286,
  "HasAns_exact": 85.54724041159963,
  "HasAns_f1": 92.3900978761442,
  "HasAns_total": 2138,
  "NoAns_exact": 0.13966480446927373,
  "NoAns_f1": 0.13966480446927373,
  "NoAns_total": 2148,
  "best_exact": 50.16332244517032,
  "best_exact_thresh": 0.0,
  "best_f1": 50.2417982305185,
  "best_f1_thresh": 0.0
}