{
  "exact": 38.82407839477368,
  "f1": 43.296415856901305,
  "total": 4286,
  "HasAns_exact": 76.5201122544434,
  "HasAns_f1": 85.48570550172076,
  "HasAns_total": 2138,
  "NoAns_exact": 1.303538175046555,
  "NoAns_f1": 1.303538175046555,
  "NoAns_total": 2148,
  "best_exact": 50.13999066728885,
  "best_exact_thresh": 0.0,
  "best_f1": 50.13999066728885,
  "best_f1_thresh": 0.0
}