{
  "exact": 7.685027446526595,
  "f1": 22.922825859979085,
  "total": 10566,
  "HasAns_exact": 7.685027446526595,
  "HasAns_f1": 22.922825859979085,
  "HasAns_total": 10566,
  "best_exact": 7.685027446526595,
  "best_exact_thresh": 0.0,
  "best_f1": 22.922825859979085,
  "best_f1_thresh": 0.0
}