{
  "exact": 29.84099943214083,
  "f1": 44.90880520311783,
  "total": 10566,
  "HasAns_exact": 29.84099943214083,
  "HasAns_f1": 44.90880520311783,
  "HasAns_total": 10566,
  "best_exact": 29.84099943214083,
  "best_exact_thresh": 0.0,
  "best_f1": 44.90880520311783,
  "best_f1_thresh": 0.0
}