{
  "exact": 27.096346772667044,
  "f1": 47.102544086935474,
  "total": 10566,
  "HasAns_exact": 27.096346772667044,
  "HasAns_f1": 47.102544086935474,
  "HasAns_total": 10566,
  "best_exact": 27.096346772667044,
  "best_exact_thresh": 0.0,
  "best_f1": 47.102544086935474,
  "best_f1_thresh": 0.0
}