{
  "exact": 22.487223168654175,
  "f1": 39.1631750066929,
  "total": 10566,
  "HasAns_exact": 22.487223168654175,
  "HasAns_f1": 39.1631750066929,
  "HasAns_total": 10566,
  "best_exact": 22.487223168654175,
  "best_exact_thresh": 0.0,
  "best_f1": 39.1631750066929,
  "best_f1_thresh": 0.0
}